{"accuracy": 0.8586956521739131, "params": {"var_smoothing": 3.7269867644642197e-06}, "scenario": "./Scenarios/dataset_scenario_1_N.csv"}