{"accuracy": 0.8586956521739131, "params": {"var_smoothing": 2.632420840860523e-06}, "scenario": "./Scenarios/dataset_scenario_1_N.csv"}